product_id,product_name,category,price
101,Milk,Dairy,45.0
102,Bread,Bakery,30.0
103,Eggs,Dairy,
104,Rice,Grain,150.0
105,Chicken,Meat,120.0
106,Apple,Fruit,25.0
107,Soap,Beauty,15.0
108,Shampoo,Beauty,89.0
109,Coke,Drink,20.0
110,Snack,Snack,10.0
